{"cameraMode":{"drawMode":0,"name":"Shaded","section":"Shading Mode"},"sceneLighting":true,"audioPlay":false,"sceneViewState":{"showFog":true,"showMaterialUpdate":false,"showSkybox":true,"showFlares":true,"showImageEffects":true,"showParticleSystems":true},"in2DMode":false,"pivot":{"x":0.8625102043151856,"y":0.9637346267700195,"z":-1.2765865325927735},"rotation":{"x":-0.05409219115972519,"y":0.9368911385536194,"z":-0.16788285970687867,"w":-0.3018682301044464},"size":10.0,"orthographic":false}